,Name_x,ZLook,ZWif,ZCon,OLook,OWif,OCon,K%,xK,BB%,xBB,K-BB%,xK-BB
0,Adam Morgan,0.17280000000000004,0.050284800000000025,0.20891520000000002,0.30666000000000004,0.12237885999999999,0.10896114000000001,0.324,0.34450000000000003,0.054000000000000006,0.0605,0.27,0.26599999999999996
1,Lou Trivino,0.189952,0.06312140799999999,0.258926592,0.29952000000000006,0.11024,0.11024,0.364,0.35069999999999996,0.023,0.06459999999999999,0.341,0.3087
2,Victor Alcantara,0.1302,0.04723739999999997,0.2425626,0.335814,0.04124280599999998,0.199943194,0.111,0.14609999999999998,0.067,0.050400000000000014,0.044000000000000004,0.0936
3,Luke Jackson,0.12776399999999996,0.01151085599999998,0.23872514399999997,0.34809899999999994,0.137967768,0.10493323200000002,0.306,0.25270000000000004,0.122,0.0953,0.184,0.17660000000000003
4,Hector Neris,0.11288699999999997,0.048388182000000016,0.17772481799999998,0.33741699999999997,0.12042316,0.11115983999999998,0.386,0.31400000000000006,0.046,0.08080000000000001,0.341,0.2411
5,Jefry Rodriguez,0.12725999999999996,0.016686180000000016,0.27605382,0.34104,0.04269719999999999,0.17626280000000003,0.125,0.13760000000000003,0.042,0.0382,0.083,0.06760000000000001
6,Clay Buchholz,0.07623499999999998,0.040483155,0.278281845,0.31119,0.04500111,0.14980889,0.121,0.1428,0.046,0.05500000000000001,0.076,0.1076
7,Clayton Kershaw,0.113702,0.039865229999999995,0.25543277,0.316725,0.07931,0.118965,0.271,0.2023,0.083,0.05940000000000001,0.188,0.1487
8,Domingo German,0.157586,0.044791208000000006,0.21562279199999998,0.35546999999999995,0.09947091000000001,0.12305908999999997,0.28300000000000003,0.28840000000000005,0.081,0.0605,0.20199999999999999,0.2231
9,Trevor Williams,0.11969999999999996,0.04987529999999998,0.2804247000000001,0.37205099999999997,0.05704440299999999,0.17390459699999997,0.168,0.18469999999999998,0.048,0.05460000000000002,0.12,0.1406
10,Yoshihisa Hirano,0.11169600000000002,0.039162336,0.20714166399999998,0.33132900000000004,0.1028355,0.1028355,0.304,0.25880000000000003,0.087,0.0689,0.217,0.1858
11,Marcus Walden,0.12210000000000003,0.04643869999999998,0.23846130000000001,0.37018199999999996,0.09976464800000001,0.12905335199999998,0.326,0.2646,0.087,0.0643,0.239,0.19149999999999998
12,Sean Doolittle,0.08470000000000003,0.07027679999999997,0.3290232,0.307146,0.058664886000000006,0.131189114,0.289,0.2166,0.057999999999999996,0.054099999999999995,0.231,0.1214
13,Justin Verlander,0.136308,0.05815378800000001,0.24953821199999995,0.376947,0.08143876200000003,0.14861423799999998,0.305,0.20140000000000002,0.06,0.0808,0.245,0.1651
14,Pedro Baez,0.08878,0.08114106000000001,0.21607894000000002,0.38003,0.0574925,0.1724775,0.24600000000000002,0.2918,0.049,0.1091,0.19699999999999998,0.21749999999999997
15,Stephen Strasburg,0.16593500000000003,0.038993569999999984,0.18007143,0.36757000000000006,0.09653462,0.12589538000000003,0.312,0.2754,0.07200000000000001,0.06790000000000002,0.24,0.2398
16,Kirby Yates,0.140988,0.04831643599999999,0.189695564,0.378784,0.090998752,0.138217248,0.39,0.2777,0.085,0.07189999999999999,0.305,0.19600000000000004
17,Shawn Kelley,0.188188,0.033538823999999995,0.295273176,0.34062499999999996,0.09074249999999998,0.1136325,0.263,0.2642,0.0,0.05750000000000001,0.263,0.1806
18,Caleb Smith,0.11716199999999996,0.07153795800000001,0.22530004200000003,0.390624,0.09008313600000001,0.143292864,0.33899999999999997,0.30860000000000004,0.064,0.10729999999999999,0.275,0.1993
19,Kevin Gausman,0.09570000000000001,0.045161700000000006,0.20713829999999997,0.33365799999999995,0.07375653999999998,0.12558545999999998,0.28600000000000003,0.2092,0.08199999999999999,0.05910000000000001,0.204,0.1306
20,Tim Mayza,0.09233500000000001,0.04104368999999999,0.17962131,0.36993000000000004,0.0968308,0.12323920000000002,0.245,0.23399999999999999,0.163,0.051600000000000014,0.08199999999999999,0.191
21,Alex Cobb,0.12214999999999998,0.021777599999999994,0.20507240000000002,0.34894299999999995,0.07039966499999999,0.133657335,0.133,0.21350000000000002,0.033,0.045899999999999996,0.1,0.1391
22,Matt Grace,0.16301999999999997,0.03016022000000001,0.18681978000000002,0.403209,0.06814359900000001,0.167647401,0.196,0.211,0.078,0.07830000000000001,0.11800000000000001,0.11860000000000001
23,Jameson Taillon,0.15817499999999998,0.04118725,0.27563775,0.348864,0.08897356799999999,0.11416243200000002,0.191,0.2761,0.046,0.05490000000000002,0.145,0.22279999999999997
24,Nick Anderson,0.15939,0.05507502000000002,0.24753498000000002,0.378534,0.152309404,0.067156596,0.489,0.32370000000000004,0.044000000000000004,0.0785,0.444,0.24630000000000005
25,Alex Wilson,0.10885099999999999,0.01026670500000001,0.217882295,0.342453,0.07604350100000001,0.12250349900000002,0.24100000000000002,0.1835,0.14800000000000002,0.051000000000000004,0.09300000000000001,0.13629999999999998
26,Joe Musgrove,0.14651999999999998,0.04462200000000001,0.252858,0.388642,0.098493162,0.125864838,0.243,0.2453,0.055999999999999994,0.0799,0.187,0.2112
27,Matt Barnes,0.135992,0.036655192,0.209352808,0.34089600000000003,0.108868032,0.086235968,0.512,0.2674,0.07,0.071,0.442,0.16049999999999998
28,Zack Greinke,0.164865,0.023768984999999996,0.190366015,0.34652800000000006,0.054897216000000006,0.142574784,0.275,0.199,0.049,0.049300000000000004,0.225,0.1254
29,Ivan Nova,0.13127399999999997,0.030070325999999998,0.26765567400000007,0.338884,0.06643190400000001,0.126684096,0.151,0.17809999999999998,0.05,0.0475,0.10099999999999999,0.11840000000000002
30,Noe Ramirez,0.20330099999999998,0.049441391999999994,0.18825760800000002,0.36245299999999997,0.07043252699999998,0.13611447299999999,0.32,0.279,0.08,0.06470000000000001,0.24,0.1816
31,Seunghwan Oh,0.14220299999999997,0.06557374599999999,0.235223254,0.338884,0.067783716,0.12533228400000002,0.233,0.2702,0.047,0.05650000000000001,0.18600000000000003,0.20190000000000002
32,Sandy Alcantara,0.11320399999999997,0.03561303200000001,0.215182968,0.4236319999999999,0.08773431999999999,0.15263368,0.171,0.2162,0.098,0.09559999999999999,0.073,0.1262
33,Matt Shoemaker,0.13407999999999998,0.04302291999999998,0.24189708000000004,0.30241199999999996,0.07412601600000002,0.097461984,0.222,0.2519,0.083,0.0769,0.139,0.1729
34,Dominic Leone,0.10375100000000001,0.03318237,0.22206663000000001,0.34112,0.06658235999999998,0.12529764,0.275,0.17929999999999996,0.11800000000000001,0.05789999999999999,0.157,0.1281
35,German Marquez,0.17118499999999998,0.03633343,0.26148157,0.42051000000000005,0.12146582,0.11302418000000002,0.23600000000000002,0.2579,0.064,0.1111,0.172,0.13069999999999998
36,Ryan Brasier,0.10467600000000005,0.05740534800000001,0.2669186519999999,0.3723600000000001,0.11710896000000003,0.09053104000000001,0.22899999999999998,0.2944,0.042,0.07339999999999999,0.188,0.2391
37,Jared Hughes,0.09928000000000002,0.02094264000000002,0.21977736,0.34979200000000005,0.064671264,0.12953673600000004,0.174,0.1573,0.109,0.05519999999999999,0.065,0.1226
38,Joe Biagini,0.1552,0.0388776,0.19392239999999994,0.3690820000000001,0.08647539600000002,0.11844260400000002,0.25,0.2598,0.063,0.07140000000000002,0.188,0.21000000000000002
39,Adam Cimber,0.122695,0.08167319999999999,0.25863179999999997,0.38889200000000007,0.060948887999999986,0.15215911200000004,0.256,0.29290000000000005,0.07,0.09999999999999999,0.18600000000000003,0.21950000000000008
40,Felix Hernandez,0.19122399999999998,0.018444095999999993,0.24133190400000007,0.399228,0.07088212800000002,0.14788987199999998,0.19399999999999998,0.2017,0.027999999999999997,0.07320000000000002,0.16699999999999998,0.10310000000000001
41,Adam Kolarek,0.11523800000000003,0.036001966,0.215760034,0.4237919999999999,0.06676032000000001,0.16344767999999998,0.159,0.1867,0.068,0.0671,0.091,0.1095
42,Hyun-Jin Ryu,0.15512499999999999,0.039941500000000005,0.22993349999999999,0.350568,0.08455180799999999,0.10588019200000003,0.308,0.27060000000000006,0.019,0.0713,0.29,0.1973
43,Raisel Iglesias,0.117747,0.05883204600000002,0.264420954,0.4036780000000001,0.10370295000000003,0.11461905000000004,0.365,0.2734,0.115,0.1015,0.25,0.17970000000000003
44,Max Scherzer,0.13741699999999996,0.06366393600000002,0.267919064,0.39589,0.12204270000000003,0.0920673,0.34,0.33109999999999995,0.031,0.0926,0.308,0.23190000000000005
45,John Brebbia,0.1274,0.11367719999999999,0.2139228,0.47385,0.07297289999999998,0.1821771,0.321,0.3041,0.08900000000000001,0.1643,0.23199999999999998,0.20839999999999997
46,Martin Perez,0.134505,0.05455610999999997,0.25193888999999997,0.3822,0.0642096,0.14159039999999998,0.195,0.24439999999999995,0.102,0.1031,0.09300000000000001,0.12149999999999998
47,Dylan Bundy,0.136041,0.035744670000000006,0.23921433000000006,0.413385,0.103494205,0.11812079499999997,0.245,0.23969999999999997,0.094,0.124,0.151,0.1494
48,Chris Sale,0.172788,0.06317603599999999,0.248035964,0.34556000000000003,0.055147560000000005,0.12929243999999998,0.226,0.2571,0.066,0.06100000000000001,0.16,0.17270000000000002
49,Pat Neshek,0.17691700000000002,0.04271952899999998,0.21936347100000003,0.36316400000000004,0.054467915999999984,0.13936808400000003,0.106,0.20239999999999997,0.021,0.06220000000000001,0.085,0.14629999999999999
50,Chad Sobotka,0.11799000000000003,0.05243930999999999,0.17457068999999997,0.378087,0.08116885200000001,0.119744148,0.278,0.242,0.14800000000000002,0.09440000000000001,0.13,0.1517
51,Charlie Morton,0.179676,0.035096712,0.219227288,0.35304499999999994,0.08981626499999998,0.09613873499999998,0.309,0.2676,0.109,0.08449999999999999,0.2,0.20340000000000003
52,Scott Alexander,0.11099999999999997,0.055439999999999996,0.20856000000000002,0.378512,0.06411162399999998,0.134376376,0.191,0.2285,0.071,0.0975,0.11900000000000001,0.14620000000000002
53,Josh Hader,0.10157399999999998,0.147290508,0.264135492,0.41656000000000004,0.1059434,0.1124966,0.522,0.3863,0.087,0.10200000000000001,0.435,0.23620000000000002
54,Wilmer Font,0.13588800000000004,0.07435576800000003,0.23675623199999996,0.43625800000000003,0.08397602400000001,0.14176597600000002,0.34,0.32859999999999995,0.085,0.1121,0.255,0.1871
55,Josh Tomlin,0.12505000000000002,0.02792509999999999,0.2570249,0.365086,0.07159840600000002,0.11731559400000001,0.256,0.19269999999999998,0.0,0.05329999999999999,0.256,0.10830000000000002
56,Madison Bumgarner,0.14423500000000003,0.036048739999999996,0.27471626,0.394741,0.07761842,0.12664058,0.22899999999999998,0.2001,0.033,0.0865,0.196,0.12890000000000001
57,Sam Dyson,0.09627599999999999,0.036283847999999994,0.31944015200000003,0.309071,0.04637941000000001,0.11354959,0.23600000000000002,0.14209999999999998,0.055,0.0485,0.182,0.0952
58,Thomas Pannone,0.10465600000000001,0.06822895999999999,0.24911504,0.36762,0.04242112000000002,0.14695888,0.3,0.19690000000000002,0.05,0.06620000000000001,0.25,0.1359
59,Frankie Montas,0.12069199999999998,0.04007396400000001,0.26123403600000006,0.4408799999999999,0.07744791999999999,0.14967208,0.21899999999999997,0.22059999999999996,0.067,0.1139,0.151,0.1213
60,Luis Avilan,0.13124200000000003,0.017616283999999992,0.162141716,0.397862,0.076583026,0.126554974,0.196,0.2359,0.098,0.06439999999999999,0.098,0.1233
61,Joe Jimenez,0.14539200000000002,0.09233510399999997,0.22827289600000003,0.4003919999999999,0.092997072,0.10961092800000001,0.319,0.37760000000000005,0.128,0.0986,0.192,0.2372
62,Ryne Stanek,0.06391000000000001,0.08496377999999999,0.26612621999999997,0.38711199999999996,0.11655336,0.07933464000000001,0.25,0.35810000000000003,0.057999999999999996,0.0893,0.192,0.267
63,Mike Soroka,0.16555,0.0571212,0.20732880000000004,0.30145599999999995,0.045305568000000004,0.10723843199999998,0.265,0.1992,0.102,0.0741,0.163,0.1483
64,Jaime Barria,0.12948,0.0414004,0.24411959999999994,0.3990639999999999,0.074312448,0.127623552,0.177,0.2359,0.039,0.08109999999999999,0.13699999999999998,0.1285
65,Blake Snell,0.165942,0.0682645,0.20479350000000002,0.38843999999999995,0.12560184000000002,0.07095816,0.375,0.34809999999999997,0.057999999999999996,0.1258,0.317,0.2284
66,Brandon Brennan,0.13166999999999998,0.05010775000000002,0.23622225000000002,0.3983999999999999,0.11249280000000002,0.0891072,0.262,0.3125,0.098,0.0855,0.16399999999999998,0.24250000000000002
67,Chris Paddack,0.14767199999999997,0.07482888,0.28149912000000005,0.403655,0.051446285,0.151898715,0.303,0.2856,0.081,0.0794,0.222,0.1238
68,Shane Bieber,0.15639,0.033756180000000004,0.21085382000000003,0.420945,0.104543115,0.10751188500000002,0.255,0.26349999999999996,0.071,0.10869999999999999,0.184,0.15630000000000002
69,Jose Berrios,0.161756,0.04579874800000001,0.228445252,0.391685,0.075966275,0.12134872499999999,0.254,0.2691,0.062,0.08860000000000001,0.192,0.1779
70,Matt Moore,0.12843600000000002,0.06838061999999999,0.26518338,0.36284800000000006,0.07771420799999998,0.103437792,0.273,0.3052,0.03,0.08109999999999999,0.242,0.19929999999999998
71,Corey Kluber,0.11724699999999998,0.043378751000000014,0.216374249,0.3935300000000001,0.07681977000000001,0.11965023,0.23800000000000002,0.2303,0.102,0.09179999999999998,0.136,0.1442
72,Ty Buttrey,0.151368,0.025354775999999992,0.247277224,0.416875,0.12050437499999998,0.087620625,0.327,0.26349999999999996,0.061,0.11750000000000001,0.265,0.13200000000000003
73,Jalen Beeks,0.13477300000000003,0.04958900099999997,0.254637999,0.34417200000000003,0.051032916000000005,0.12079508399999998,0.235,0.2217,0.094,0.045799999999999993,0.141,0.156
74,Ross Stripling,0.1764,0.041587200000000005,0.2320128,0.395379,0.07022793900000002,0.12539306099999997,0.235,0.25249999999999995,0.07400000000000001,0.09090000000000001,0.162,0.15499999999999997
75,Matthew Boyd,0.12901500000000002,0.05997294000000002,0.23401205999999997,0.343866,0.08983075200000001,0.08030324800000001,0.31,0.2772,0.071,0.06820000000000001,0.23800000000000002,0.17909999999999998
76,Adalberto Mejia,0.1148,0.025091999999999986,0.27010799999999996,0.34854900000000005,0.07070491000000001,0.10174609000000001,0.205,0.17519999999999997,0.136,0.066,0.068,0.12010000000000001
77,David Hernandez,0.13076000000000002,0.06523056000000002,0.27100944,0.38658999999999993,0.06531063,0.12509937000000002,0.20800000000000002,0.22960000000000003,0.10400000000000001,0.1041,0.10400000000000001,0.1632
78,Nick Kingham,0.14192800000000003,0.05798346400000001,0.252088536,0.393877,0.06199248299999998,0.13113051699999997,0.23800000000000002,0.259,0.095,0.09539999999999998,0.14300000000000002,0.14730000000000004
79,Jakob Junis,0.165935,0.03233793,0.23272707,0.38112799999999997,0.07194571999999999,0.11492627999999996,0.22399999999999998,0.1805,0.07,0.07689999999999998,0.154,0.1285
80,Corbin Burnes,0.13816000000000003,0.045879680000000006,0.25596031999999996,0.36422400000000005,0.091732416,0.08604358399999999,0.267,0.29660000000000003,0.08900000000000001,0.0948,0.17800000000000002,0.18200000000000002
81,Ken Giles,0.121437,0.05811448200000001,0.21344851799999992,0.395136,0.12227577599999997,0.07058822399999998,0.35200000000000004,0.35050000000000003,0.09300000000000001,0.10540000000000001,0.259,0.24609999999999999
82,Mychal Givens,0.13878200000000002,0.06691792200000002,0.22530007799999996,0.3192,0.0679288,0.08787119999999997,0.294,0.2933,0.078,0.06169999999999999,0.21600000000000003,0.2217
83,Blake Treinen,0.13481999999999997,0.04808152000000001,0.24509847999999998,0.35548799999999997,0.08901165599999995,0.08450034399999998,0.315,0.2982,0.16699999999999998,0.0807,0.14800000000000002,0.18870000000000003
84,Dan Otero,0.13448,0.012673919999999981,0.26284608,0.3740699999999999,0.04215668999999999,0.13877330999999998,0.102,0.13800000000000004,0.061,0.05689999999999999,0.040999999999999995,0.05720000000000001
85,Patrick Corbin,0.13893300000000003,0.036217781999999976,0.211849218,0.3936159999999999,0.08643433599999999,0.10394966400000001,0.307,0.24109999999999995,0.047,0.1051,0.26,0.1426
86,Kelvin Herrera,0.17578400000000005,0.039890704000000034,0.2953252959999999,0.39294199999999996,0.054356587999999983,0.13570141200000002,0.22899999999999998,0.2061,0.063,0.0851,0.16699999999999998,0.08789999999999999
87,Kenta Maeda,0.155364,0.06216100799999999,0.210474992,0.40642199999999995,0.077255154,0.119322846,0.21,0.30360000000000004,0.109,0.10469999999999997,0.10099999999999999,0.18810000000000002
88,Joey Lucchesi,0.12620699999999999,0.03286309,0.21992990999999998,0.36990000000000006,0.07872020000000002,0.09937979999999999,0.252,0.2258,0.078,0.0857,0.174,0.1405
89,Trevor Richards,0.11407199999999998,0.06225587200000004,0.21567212800000002,0.3576039999999999,0.07027235999999999,0.10112363999999997,0.228,0.2808,0.13,0.0823,0.098,0.18309999999999998
90,Trevor Gott,0.12096000000000003,0.06314112,0.24789888000000004,0.41303599999999996,0.07918560000000001,0.11877839999999999,0.28600000000000003,0.28300000000000003,0.061,0.1072,0.225,0.13069999999999998
91,Eric Lauer,0.17248,0.02698919999999999,0.29053080000000003,0.382616,0.062900712,0.12048328800000002,0.2,0.175,0.061,0.0822,0.139,0.0969
92,Michael Pineda,0.13262800000000002,0.058515100000000014,0.27585689999999996,0.336469,0.044467086999999995,0.11606391299999998,0.20199999999999999,0.20950000000000002,0.051,0.058699999999999995,0.152,0.1574
93,Yonny Chirinos,0.126312,0.041211,0.288477,0.419063,0.07497637499999998,0.12496062499999999,0.23399999999999999,0.20739999999999997,0.053,0.10779999999999998,0.18100000000000002,0.11840000000000002
94,Carlos Carrasco,0.13888,0.059660159999999976,0.24945984,0.410939,0.08705108399999997,0.10900991599999998,0.35100000000000003,0.23349999999999999,0.053,0.1061,0.298,0.1618
95,Robert Stephenson,0.16319400000000006,0.05062702,0.24717897999999996,0.391983,0.16289180699999997,0.024125192999999996,0.36,0.3249000000000001,0.08,0.10300000000000001,0.28,0.22649999999999998
96,Jordan Lyles,0.14365399999999998,0.02090491200000002,0.269441088,0.350009,0.06028375099999999,0.10670724899999999,0.25,0.16820000000000002,0.06,0.08850000000000001,0.191,0.10369999999999999
97,Homer Bailey,0.11870300000000002,0.033395640000000004,0.24490136,0.37370400000000004,0.06739588799999999,0.110900112,0.267,0.17359999999999998,0.109,0.06820000000000001,0.158,0.11320000000000001
98,David Price,0.11701500000000001,0.06804879000000003,0.24993621,0.4325639999999999,0.07046454799999999,0.134971452,0.319,0.26680000000000004,0.053,0.10469999999999999,0.266,0.11950000000000001
99,Neil Ramirez,0.09504600000000002,0.08573849999999998,0.25721549999999993,0.33289799999999997,0.06245029,0.09565170999999999,0.27699999999999997,0.2906,0.106,0.0778,0.17,0.1936
100,Luke Weaver,0.14569200000000004,0.04344774,0.23686025999999993,0.3925619999999999,0.05928728399999999,0.127150716,0.27399999999999997,0.20460000000000003,0.053,0.0753,0.221,0.10500000000000001
101,Noah Syndergaard,0.13552899999999998,0.062766381,0.23470461900000003,0.38770899999999997,0.06103590299999999,0.122255097,0.276,0.2519,0.057,0.1075,0.22,0.1658
102,Jorge Lopez,0.152342,0.035594856,0.234063144,0.37616600000000006,0.067932588,0.10990141200000002,0.22699999999999998,0.18580000000000002,0.07,0.0865,0.156,0.141
103,Heath Hembree,0.08320499999999999,0.08810055000000003,0.21569445,0.3828399999999999,0.06305599999999999,0.117104,0.196,0.2591,0.107,0.10969999999999999,0.08900000000000001,0.26130000000000003
104,Sam Gaviglio,0.184943,0.05444277300000001,0.23361422699999995,0.41683999999999993,0.13280032,0.06335967999999999,0.29600000000000004,0.3358,0.037000000000000005,0.10669999999999999,0.259,0.20259999999999997
105,Scott Oberg,0.180992,0.047794432000000005,0.21921356799999997,0.417453,0.08447630400000002,0.11107069599999998,0.231,0.29009999999999997,0.115,0.128,0.115,0.1764
106,James Paxton,0.12078200000000001,0.06532185600000003,0.274896144,0.3812379999999999,0.08532575999999999,0.09243623999999999,0.36200000000000004,0.263,0.071,0.1026,0.29100000000000004,0.1517
107,Jordan Hicks,0.20379599999999995,0.04466070000000001,0.2105433,0.3907859999999999,0.101310984,0.080903016,0.33299999999999996,0.31100000000000005,0.128,0.11040000000000001,0.205,0.22349999999999998
108,Wes Parsons,0.11764800000000004,0.032082336,0.19226966399999998,0.366088,0.034831959999999995,0.13508004,0.233,0.1111,0.18600000000000003,0.0635,0.047,0.0418
109,Kenley Jansen,0.12175000000000001,0.06611024999999998,0.29913975000000004,0.29300699999999996,0.06378071699999999,0.07221228299999999,0.34,0.2265,0.04,0.06989999999999999,0.3,0.1706
110,Jacob deGrom,0.13243599999999997,0.069025824,0.250538176,0.3838460000000001,0.078922222,0.099231778,0.377,0.3194,0.08800000000000001,0.086,0.29,0.2004
111,Trent Thornton,0.11856000000000003,0.024313919999999992,0.23712608000000002,0.41108399999999995,0.07976472000000001,0.11015127999999999,0.26,0.1879,0.07,0.10179999999999997,0.19,0.0674
112,Nick Vincent,0.12045399999999999,0.06480883200000001,0.2727371679999999,0.39672,0.04948560000000001,0.1337944,0.18,0.2323,0.08199999999999999,0.1,0.098,0.11830000000000003
113,Masahiro Tanaka,0.1484,0.027172799999999993,0.2244272,0.3440519999999999,0.05404231999999999,0.10490567999999999,0.21100000000000002,0.1826,0.078,0.0879,0.134,0.1347
114,Brad Hand,0.15145499999999998,0.050320375000000014,0.237224625,0.403465,0.06883348499999999,0.11670151499999999,0.36,0.2669,0.08,0.09919999999999998,0.28,0.17160000000000003
115,Diego Castillo,0.155584,0.065302848,0.221113152,0.44936000000000004,0.10042704000000001,0.10621296000000001,0.313,0.2976,0.083,0.14420000000000002,0.22899999999999998,0.11189999999999997
116,Jack Flaherty,0.14438499999999999,0.053883619999999986,0.23273138000000002,0.33613999999999994,0.07416052,0.07969948,0.305,0.27720000000000006,0.048,0.0888,0.257,0.18569999999999998
117,Julio Urias,0.13057200000000002,0.05666502399999998,0.21576297599999997,0.4081699999999999,0.09061255,0.09621745,0.289,0.27249999999999996,0.08900000000000001,0.10999999999999999,0.2,0.17989999999999998
118,Jose Alvarado,0.19358399999999998,0.05914950400000003,0.183266496,0.436982,0.09700873,0.10300927,0.36200000000000004,0.36200000000000004,0.128,0.18080000000000002,0.23399999999999999,0.17079999999999998
119,Pablo Lopez,0.14067900000000003,0.043846865999999964,0.25647413399999996,0.3889619999999999,0.07726849199999998,0.100769508,0.259,0.24879999999999997,0.045,0.1028,0.214,0.1588
120,Erik Swanson,0.13974,0.08664084000000002,0.2836191599999999,0.408856,0.04678600000000001,0.14035800000000004,0.214,0.23049999999999998,0.036000000000000004,0.0942,0.179,0.0809
121,Richard Rodriguez,0.133986,0.039051539999999996,0.31596246,0.39719399999999994,0.07363143,0.10817457,0.226,0.2069,0.076,0.09809999999999999,0.151,0.13399999999999998
122,Tyson Ross,0.18231999999999995,0.01733759999999999,0.23034240000000006,0.42594000000000004,0.06384574000000001,0.13021426,0.177,0.21650000000000005,0.09699999999999999,0.0879,0.081,0.0823
123,Anibal Sanchez,0.127448,0.038168184000000015,0.190383816,0.3833460000000001,0.044711423999999986,0.12994257600000003,0.154,0.17440000000000003,0.12300000000000001,0.0768,0.031,0.1008
124,Jonathan Loaisiga,0.16125,0.0645,0.20425,0.37481600000000004,0.09220527999999999,0.07697872,0.23800000000000002,0.31179999999999997,0.14300000000000002,0.09619999999999998,0.095,0.2405
125,Joe Kelly,0.19074,0.02873339999999999,0.2905266,0.43269199999999997,0.05488154799999997,0.14042645199999998,0.196,0.18440000000000004,0.036000000000000004,0.09759999999999999,0.161,0.06999999999999999
126,Reyes Moronta,0.1694,0.07252080000000001,0.1980792,0.3864,0.0675304,0.1060696,0.409,0.348,0.091,0.13540000000000002,0.318,0.2012
127,Gerrit Cole,0.127324,0.06844993200000002,0.262226068,0.38226,0.09668961999999999,0.07505038000000001,0.36200000000000004,0.315,0.081,0.0915,0.282,0.22859999999999997
128,Zack Britton,0.137198,0.027565428000000027,0.214236572,0.37398,0.05763086,0.11038914000000001,0.23399999999999999,0.18069999999999997,0.149,0.06590000000000001,0.085,0.13529999999999998
129,Kyle Hendricks,0.18080800000000002,0.027093239999999994,0.25809876,0.4007800000000001,0.053945219999999995,0.12527478000000003,0.20199999999999999,0.191,0.067,0.0873,0.135,0.0932
130,John Means,0.100215,0.079930305,0.21285469499999995,0.349646,0.060508998,0.095845002,0.267,0.28090000000000004,0.07,0.07980000000000001,0.198,0.1953
131,Seth Lugo,0.190134,0.05099715799999997,0.261868842,0.416584,0.066008096,0.11940790400000002,0.268,0.28180000000000005,0.055999999999999994,0.09019999999999999,0.21100000000000002,0.1829
132,J.A. Happ,0.12289200000000002,0.04721728000000001,0.24789071999999998,0.35015199999999996,0.04924796799999999,0.106600032,0.2,0.20719999999999997,0.073,0.07939999999999998,0.127,0.1407
133,Roberto Osuna,0.106386,0.070847712,0.269766288,0.32731599999999994,0.036420999999999995,0.10926299999999999,0.273,0.21910000000000002,0.0,0.0763,0.273,0.1232
134,Eduardo Rodriguez,0.12654600000000002,0.06448186799999998,0.20197213199999997,0.411642,0.07969044600000001,0.10266755399999998,0.239,0.3116,0.086,0.1262,0.154,0.1634
135,Robert Gsellman,0.11647999999999996,0.05450171999999998,0.28401828000000007,0.34788600000000003,0.07166301,0.08245099,0.221,0.22959999999999997,0.028999999999999998,0.0629,0.191,0.1428
136,Matt Albers,0.1612,0.016200600000000013,0.22559939999999995,0.39558,0.06662844000000001,0.10779156000000001,0.255,0.1792,0.043,0.09719999999999998,0.213,0.08810000000000001
137,Michael Lorenzen,0.10077200000000004,0.07399803599999999,0.23822996399999996,0.3629619999999999,0.047051171999999995,0.11298682799999997,0.16699999999999998,0.24900000000000003,0.09300000000000001,0.06540000000000001,0.07400000000000001,0.1719
138,Carlos Rodon,0.13868999999999998,0.03964464,0.23566536,0.351164,0.072463248,0.08237275200000001,0.28600000000000003,0.26239999999999997,0.107,0.0875,0.179,0.16439999999999996
139,Tyler Glasnow,0.186372,0.0393285,0.27529950000000003,0.39754000000000006,0.08723,0.08723,0.261,0.28890000000000005,0.054000000000000006,0.0953,0.207,0.1922
140,Zack Godley,0.12081900000000002,0.022425022999999992,0.24775597700000002,0.43437500000000007,0.08578124999999999,0.10484375,0.17600000000000002,0.20129999999999998,0.11199999999999999,0.12710000000000002,0.064,0.072
141,Wade LeBlanc,0.15143399999999999,0.03530358,0.23626241999999997,0.394065,0.058797899999999986,0.11413709999999999,0.158,0.19770000000000004,0.066,0.09379999999999998,0.092,0.10729999999999999
142,Collin McHugh,0.19175999999999996,0.042292480000000014,0.23594752000000002,0.40159199999999995,0.08770399999999999,0.08770399999999999,0.282,0.3095,0.076,0.10250000000000001,0.20600000000000002,0.2065
143,Jonathan Holder,0.13993799999999995,0.07411883400000004,0.283943166,0.412032,0.061729024,0.11823897600000001,0.25,0.3102,0.05,0.09440000000000001,0.2,0.05800000000000001
144,Luis Castillo,0.1368,0.038836800000000005,0.18436319999999998,0.44120100000000007,0.100119078,0.091679922,0.299,0.286,0.09699999999999999,0.1728,0.201,0.10810000000000002
145,Jose Urena,0.12753000000000003,0.028871699999999993,0.23359829999999998,0.378471,0.041461307999999995,0.12306769199999998,0.16699999999999998,0.1501,0.06,0.07780000000000001,0.107,0.0841
146,Marco Gonzales,0.194625,0.03178875,0.29258625000000005,0.375524,0.04646813599999999,0.11600786400000002,0.184,0.1973,0.049,0.074,0.135,0.0822
147,Hansel Robles,0.15467100000000003,0.08626715899999997,0.23206184100000002,0.402048,0.04975027199999999,0.12420172800000003,0.33299999999999996,0.2929,0.063,0.11239999999999999,0.271,0.16959999999999997
148,Tyler Anderson,0.15744,0.03211776,0.3024422400000001,0.36505399999999993,0.04991093599999998,0.10803506399999999,0.14300000000000002,0.17659999999999998,0.095,0.04830000000000001,0.048,0.0989
149,Blaine Hardy,0.13634999999999997,0.04140180000000001,0.27224820000000005,0.3956340000000001,0.054687486,0.11567851400000002,0.174,0.2076,0.044000000000000004,0.08829999999999998,0.13,0.0806
150,CC Sabathia,0.12836999999999998,0.02137166000000002,0.23925834,0.322239,0.032331312999999993,0.106429687,0.18600000000000003,0.1016,0.068,0.09720000000000001,0.11900000000000001,0.032
151,Jeremy Hellickson,0.18148200000000003,0.009878792000000008,0.214639208,0.4745999999999999,0.04515479999999999,0.15824519999999997,0.11900000000000001,0.16409999999999997,0.11900000000000001,0.1407,0.0,0.0417
152,Aaron Nola,0.17977999999999997,0.031166580000000003,0.19305342,0.40447700000000003,0.047961394,0.12456160599999998,0.22699999999999998,0.22070000000000004,0.092,0.0753,0.135,0.10819999999999999
153,Hector Velazquez,0.183064,0.046565504000000014,0.23737049600000001,0.4149920000000001,0.04743814400000001,0.129569856,0.23399999999999999,0.18,0.094,0.11059999999999999,0.141,0.09090000000000001
154,Craig Stammen,0.11382799999999996,0.037794876,0.24637712399999998,0.4220020000000001,0.07109921000000001,0.10889879000000001,0.18600000000000003,0.2209,0.017,0.10010000000000001,0.17,0.12589999999999998
155,Mike Leake,0.15583999999999998,0.03742108,0.29373892000000007,0.401673,0.04899952199999998,0.122327478,0.195,0.16399999999999998,0.047,0.06870000000000001,0.14800000000000002,0.05110000000000001
156,Shane Greene,0.17062,0.056789520000000024,0.22159048,0.405879,0.07755820799999998,0.095562792,0.292,0.3049,0.063,0.11789999999999998,0.22899999999999998,0.1906
157,Brandon Workman,0.195294,0.022304898,0.145401102,0.42892199999999997,0.10706186399999999,0.075016136,0.366,0.2912,0.195,0.19669999999999999,0.171,0.1264
158,Miles Mikolas,0.183092,0.02719217999999999,0.29271582,0.40505399999999997,0.045221798,0.12672420199999998,0.131,0.1766,0.055,0.0843,0.076,0.0493
159,Taylor Rogers,0.18775700000000006,0.04559304799999996,0.289649952,0.367848,0.066989208,0.08916279200000002,0.273,0.2633,0.055,0.0799,0.218,0.19290000000000002
160,Wade Miley,0.114955,0.042906435,0.25713856499999993,0.43656300000000003,0.057544344000000004,0.126892656,0.159,0.1569,0.044000000000000004,0.1165,0.115,0.07209999999999998
161,Nick Margevicius,0.160632,0.02381659200000002,0.22955140799999996,0.43234500000000003,0.06922624499999999,0.11342875499999999,0.228,0.20659999999999998,0.069,0.1051,0.158,0.0814
162,Robbie Ray,0.166116,0.03674516399999998,0.178138836,0.36274800000000007,0.065745108,0.087506892,0.272,0.22690000000000002,0.125,0.0884,0.147,0.1655
163,Yimi Garcia,0.15684299999999998,0.08513654699999998,0.22902045300000004,0.387353,0.04205727899999999,0.12158972099999997,0.245,0.22680000000000003,0.113,0.0978,0.132,0.1048
164,Cole Hamels,0.15935399999999997,0.043607608,0.25103839199999994,0.40128,0.061582800000000014,0.10713720000000003,0.24,0.21680000000000002,0.07200000000000001,0.0899,0.168,0.1282
165,Alex Claudio,0.172752,0.030533183999999984,0.162714816,0.40691199999999994,0.05543251200000002,0.115655488,0.14,0.2124,0.12,0.08229999999999998,0.02,0.11939999999999998
166,Tyler Kinley,0.10410399999999997,0.043922424000000015,0.215973576,0.370304,0.06617080000000002,0.08952520000000001,0.27899999999999997,0.2283,0.14800000000000002,0.08320000000000001,0.131,0.131
167,Mike Clevinger,0.14909999999999998,0.08289539999999998,0.1880046,0.41454,0.12870732,0.044752679999999996,0.524,0.3726,0.095,0.1701,0.429,0.20580000000000004
168,Spencer Turnbull,0.12843799999999997,0.04780479599999998,0.25475720400000007,0.4314600000000001,0.06336954,0.11717046,0.23199999999999998,0.21469999999999997,0.098,0.10400000000000001,0.134,0.0655
169,Chase Anderson,0.13556200000000004,0.049951650000000014,0.23548635,0.344528,0.04447632000000001,0.09899567999999999,0.265,0.192,0.10800000000000001,0.08669999999999999,0.157,0.125
170,Dan Straily,0.09864399999999997,0.030515940000000002,0.23484006000000004,0.428542,0.051931277999999984,0.126526722,0.086,0.15250000000000002,0.086,0.0885,0.0,0.08030000000000001
171,Yu Darvish,0.14234499999999997,0.041716215,0.23093878499999998,0.379122,0.07672870799999999,0.081149292,0.23800000000000002,0.28530000000000005,0.171,0.0856,0.067,0.1637
172,Zach Eflin,0.130931,0.04612097100000002,0.24394802900000007,0.34099799999999997,0.042174594,0.09982740599999998,0.205,0.1516,0.045,0.0838,0.161,0.11380000000000001
173,Kyle Freeland,0.11935000000000001,0.053805149999999975,0.26084485,0.440544,0.06200812799999999,0.121447872,0.252,0.22840000000000002,0.084,0.10800000000000001,0.168,0.06659999999999999
174,Ryan Yarbrough,0.11954000000000001,0.03973888,0.27072112,0.40453799999999995,0.056097845999999986,0.112364154,0.19699999999999998,0.1829,0.055999999999999994,0.09499999999999999,0.141,0.0757
175,Luis Garcia,0.12269399999999998,0.019705092000000018,0.22060090799999998,0.41347199999999995,0.062754304,0.10777369599999999,0.102,0.16310000000000002,0.225,0.1105,-0.122,0.07999999999999999
176,Jose Quintana,0.17352800000000002,0.041208104,0.221263896,0.437544,0.08553614399999998,0.094919856,0.303,0.2999,0.076,0.1165,0.22699999999999998,0.14939999999999998
177,Jon Gray,0.16838799999999998,0.040513396,0.264098604,0.46161599999999997,0.095192,0.095192,0.23600000000000002,0.30090000000000006,0.102,0.14640000000000003,0.134,0.1203
178,Caleb Ferguson,0.120105,0.048072615000000006,0.302822385,0.370098,0.04739342400000002,0.10450857600000002,0.24100000000000002,0.1767,0.10300000000000001,0.0573,0.138,0.13179999999999997
179,Jeff Samardzija,0.14308899999999997,0.04528656099999997,0.25462443900000004,0.39633099999999993,0.052542086999999994,0.110126913,0.22,0.2125,0.083,0.09169999999999998,0.138,0.1326
180,Luis Cessa,0.13541999999999998,0.015716860000000013,0.21886313999999998,0.38180700000000006,0.101961801,0.05323119899999999,0.265,0.2532,0.14300000000000002,0.1008,0.122,0.1355
181,Jeffrey Springs,0.19095999999999996,0.039858560000000015,0.20318144000000002,0.3142620000000001,0.06233614400000001,0.06540185600000001,0.21100000000000002,0.25630000000000003,0.175,0.0759,0.035,0.1796
182,Jordan Zimmermann,0.135525,0.025895700000000025,0.2555793,0.42008000000000006,0.06321024000000001,0.10670976000000003,0.16399999999999998,0.1698,0.086,0.096,0.078,0.034199999999999994
183,Mike Minor,0.144144,0.042311807999999985,0.20954419200000005,0.39729600000000004,0.06074611200000002,0.09995788800000002,0.2,0.21789999999999998,0.085,0.10310000000000001,0.115,0.1331
184,Scott Barlow,0.151177,0.03647415799999998,0.21334884200000004,0.381455,0.060496729999999985,0.09304826999999997,0.289,0.19949999999999998,0.08900000000000001,0.08819999999999999,0.2,0.11679999999999999
185,Brad Keller,0.090852,0.016129619999999987,0.23201838,0.425661,0.064423464,0.10691553599999999,0.18600000000000003,0.1738,0.128,0.12349999999999998,0.057999999999999996,0.0689
186,Yusmeiro Petit,0.10176,0.05560128000000002,0.22663872,0.376992,0.027785472000000012,0.12322252800000001,0.14300000000000002,0.19740000000000002,0.036000000000000004,0.1014,0.107,0.0893
187,Mike Fiers,0.15342499999999998,0.038910574999999996,0.282664425,0.405405,0.043953839999999994,0.11764115999999997,0.172,0.19190000000000002,0.069,0.07869999999999999,0.10300000000000001,0.0514
188,Chris Martin,0.15945100000000004,0.042943625,0.300605375,0.466116,0.04825472399999998,0.13662927600000002,0.191,0.1903,0.048,0.11939999999999998,0.14300000000000002,0.0783
189,Jimmy Yacabonis,0.11613700000000002,0.00900079399999998,0.22786220599999998,0.41012400000000004,0.047429668,0.11444633200000004,0.102,0.1303,0.102,0.10299999999999998,0.0,0.0003000000000000006
190,Alex Colome,0.13344,0.046785600000000004,0.2997744,0.365462,0.071769,0.071769,0.205,0.2496,0.077,0.059800000000000006,0.128,0.1592
191,Brandon Kintzler,0.24823000000000003,0.02922125,0.20454875,0.38054,0.029891999999999988,0.119568,0.237,0.12410000000000002,0.026000000000000002,0.0774,0.21100000000000002,0.0792
192,Dylan Floro,0.15335699999999997,0.04670537500000001,0.32693762500000006,0.381258,0.0449226,0.10481939999999998,0.14300000000000002,0.19240000000000004,0.0,0.08479999999999999,0.14300000000000002,0.1117
193,Matt Koch,0.10381200000000002,0.020682219999999984,0.29750578000000005,0.43139999999999995,0.042993,0.125607,0.067,0.12520000000000003,0.053,0.1065,0.013000000000000001,0.014500000000000002
194,Wily Peralta,0.10220000000000001,0.032214,0.21558599999999997,0.381789,0.056998602,0.092212398,0.128,0.158,0.128,0.0854,0.0,0.1227
195,Kyle Gibson,0.156807,0.02480026499999999,0.21139273499999997,0.398326,0.08281856800000002,0.07285543200000001,0.196,0.24459999999999998,0.087,0.1006,0.109,0.122
196,Brad Peacock,0.13339899999999996,0.021808877999999986,0.257792122,0.36072,0.05821620000000001,0.0820638,0.20199999999999999,0.18,0.071,0.10979999999999998,0.131,0.10290000000000002
197,Tayron Guerrero,0.10531700000000001,0.08955441000000003,0.24212859000000003,0.39312,0.10197096000000001,0.05090904,0.28300000000000003,0.387,0.152,0.08719999999999999,0.13,0.2906
198,Marcus Stroman,0.135538,0.023626118000000022,0.241835882,0.38664,0.0804426,0.06991740000000002,0.23800000000000002,0.2129,0.09300000000000001,0.09190000000000002,0.146,0.10389999999999999
199,Tyler Chatwood,0.14386400000000002,0.046412287999999996,0.17672371200000003,0.384293,0.046991411999999975,0.10171558799999997,0.16699999999999998,0.21030000000000001,0.16699999999999998,0.0747,0.0,0.10919999999999999
200,Amir Garrett,0.184464,0.05949305599999998,0.24404294399999998,0.42827400000000004,0.075902508,0.08982349199999999,0.273,0.31210000000000004,0.114,0.12200000000000003,0.159,0.181
201,Vince Velasquez,0.132756,0.046064112000000004,0.265179888,0.43464400000000003,0.058741956000000005,0.10861404400000002,0.244,0.2052,0.078,0.10959999999999999,0.16699999999999998,0.077
202,Austin Brice,0.18318,0.019005140000000014,0.22781485999999998,0.40432,0.05604480000000001,0.09963520000000003,0.174,0.20580000000000004,0.109,0.0789,0.065,0.09970000000000001
203,Aaron Sanchez,0.11715,0.03520890000000003,0.2736410999999999,0.39782199999999995,0.054071834,0.09910616600000001,0.209,0.1482,0.146,0.09319999999999999,0.064,0.0876
204,Max Fried,0.15215399999999998,0.041839980000000006,0.28000602,0.40792999999999996,0.060314879999999994,0.09675511999999999,0.205,0.2084,0.055,0.10669999999999999,0.15,0.09169999999999999
205,Steven Matz,0.16354800000000005,0.043872444000000003,0.254579556,0.3831900000000001,0.04815367999999999,0.09865632,0.26,0.20700000000000002,0.083,0.073,0.177,0.1236
206,Matt Strahm,0.139293,0.051434291999999965,0.278272708,0.39475800000000005,0.042801485999999986,0.108440514,0.19399999999999998,0.1784,0.046,0.08919999999999999,0.14800000000000002,0.0881
207,Aaron Brooks,0.12645199999999998,0.02442422399999999,0.253123776,0.44019199999999997,0.058900608,0.108907392,0.207,0.1532,0.063,0.10769999999999999,0.14400000000000002,0.0666
208,Chris Archer,0.14844200000000005,0.071263224,0.24129477600000002,0.444536,0.056431511999999996,0.11303248800000001,0.257,0.2726,0.106,0.11350000000000002,0.15,0.0796
209,Brandon Woodruff,0.138016,0.04613366399999996,0.26985033599999997,0.3714119999999999,0.057059964,0.08452803599999999,0.271,0.221,0.076,0.0834,0.195,0.1563
210,Jason Vargas,0.10054800000000003,0.033561828,0.20789017199999998,0.41629999999999995,0.0382467,0.12045330000000001,0.132,0.13,0.11800000000000001,0.09949999999999999,0.013000000000000001,0.057999999999999996
211,Roenis Elias,0.15717000000000003,0.05702228999999997,0.29280771,0.37917499999999993,0.041565424999999996,0.10225957499999998,0.19699999999999998,0.21390000000000003,0.085,0.08299999999999999,0.113,0.1333
212,Ryne Harper,0.14200200000000002,0.0511497,0.28984829999999995,0.40527499999999994,0.04919199999999999,0.10453300000000001,0.191,0.19790000000000002,0.071,0.09609999999999999,0.11900000000000001,0.07919999999999999
213,Felipe Vazquez,0.146657,0.07104688499999998,0.29329611499999997,0.41584400000000005,0.06246240000000001,0.0936936,0.392,0.2465,0.078,0.13160000000000002,0.314,0.06420000000000001
214,Felix Pena,0.145195,0.037724115,0.226080885,0.41293599999999997,0.0852852,0.0697788,0.239,0.24450000000000002,0.076,0.0877,0.163,0.1519
215,Jeurys Familia,0.18561699999999998,0.023805065999999996,0.20957793400000002,0.36158399999999996,0.07742361600000001,0.056992384,0.22,0.25770000000000004,0.18,0.08320000000000001,0.04,0.1417
216,Trey Wingenter,0.11138399999999997,0.05052319999999999,0.20209280000000002,0.3942,0.0901044,0.055695600000000005,0.319,0.28839999999999993,0.149,0.0972,0.17,0.23489999999999997
217,Tyler Skaggs,0.16459200000000002,0.027810432000000027,0.239597568,0.42558999999999997,0.05147307000000001,0.10593692999999998,0.235,0.19990000000000002,0.062,0.10350000000000001,0.17300000000000001,0.0776
218,Jeanmar Gomez,0.15161999999999998,0.015090179999999986,0.23228982,0.437138,0.050188944,0.11067305599999998,0.18,0.1704,0.06,0.1139,0.12,0.0529
219,Adam Warren,0.10373400000000002,0.015574482000000011,0.18669151799999997,0.36403800000000003,0.05211121799999999,0.08185078199999998,0.222,0.1538,0.08900000000000001,0.11340000000000001,0.133,0.10629999999999999
220,Miguel Castro,0.107864,0.02801359999999999,0.25212239999999997,0.37332,0.05330520000000001,0.08337480000000001,0.177,0.1399,0.113,0.0883,0.065,0.10839999999999998
221,Lucas Giolito,0.182024,0.04834420799999997,0.257631792,0.366266,0.07380010400000002,0.058933896000000006,0.28800000000000003,0.2655,0.125,0.06849999999999998,0.163,0.1816
222,Liam Hendriks,0.13323800000000002,0.047219634,0.25354236599999996,0.4454100000000001,0.05042526000000002,0.11016474000000001,0.23199999999999998,0.1988,0.125,0.10369999999999999,0.107,0.044700000000000004
223,Fernando Rodney,0.14266200000000004,0.035666305999999995,0.22467169399999995,0.43438499999999997,0.055598325,0.101016675,0.196,0.1791,0.13,0.12360000000000002,0.065,0.08180000000000001
224,Luke Bard,0.16748900000000005,0.046131540000000006,0.28337945999999997,0.41657600000000006,0.09742444800000002,0.051999552000000004,0.27899999999999997,0.2919,0.07,0.1157,0.209,0.15259999999999999
225,Wander Suero,0.15829899999999997,0.10170329000000003,0.24899771,0.4430720000000001,0.06913368000000003,0.08979432000000001,0.31,0.31779999999999997,0.095,0.135,0.214,0.18619999999999998
226,Anthony DeSclafani,0.12568500000000002,0.056756700000000014,0.2585583,0.37536,0.047124,0.08751600000000001,0.257,0.20740000000000003,0.10099999999999999,0.08829999999999999,0.156,0.10690000000000002
227,J.B. Wendelken,0.12613199999999997,0.05128454000000002,0.27958346000000006,0.42908799999999997,0.06602824799999998,0.08788375200000001,0.294,0.203,0.044000000000000004,0.1213,0.25,0.09759999999999999
228,Cam Bedrosian,0.164836,0.040274388000000015,0.200889612,0.45116799999999996,0.08706561600000001,0.074766384,0.321,0.2933,0.14300000000000002,0.1673,0.179,0.10900000000000001
229,Daniel Hudson,0.118724,0.07555630799999999,0.24871969199999996,0.45755999999999997,0.05409251999999999,0.10834748000000001,0.29600000000000004,0.23620000000000005,0.068,0.1243,0.22699999999999998,0.044500000000000005
230,Tyler Mahle,0.15660400000000005,0.039285708,0.28011029200000004,0.358668,0.05462542799999999,0.07270657200000001,0.258,0.20049999999999998,0.043,0.06920000000000001,0.215,0.14989999999999998
231,Daniel Norris,0.14839200000000002,0.025697463999999982,0.28391053599999994,0.399996,0.048423364,0.09358063600000002,0.188,0.16369999999999998,0.075,0.09989999999999999,0.113,0.0683
232,Archie Bradley,0.18834700000000001,0.04464815200000001,0.19800484799999998,0.39906,0.051724980000000004,0.08921502,0.265,0.22279999999999997,0.122,0.1045,0.14300000000000002,0.1072
233,Brett Anderson,0.16884,0.02851519999999999,0.2716448,0.39441999999999994,0.05016595999999999,0.08841403999999999,0.14,0.1833,0.08800000000000001,0.0991,0.053,0.1018
234,Chris Stratton,0.13932900000000004,0.029612139000000027,0.24205886099999996,0.40848,0.04492176,0.09859824000000002,0.153,0.1616,0.126,0.10500000000000001,0.027000000000000003,0.0528
235,Nick Pivetta,0.14707400000000004,0.039771342,0.300154658,0.42328000000000005,0.0505648,0.09815520000000001,0.172,0.1728,0.086,0.1192,0.086,0.0451
236,Trevor Bauer,0.13587999999999997,0.04794155999999997,0.24617844000000003,0.43068000000000006,0.06673212000000002,0.08458788000000002,0.28300000000000003,0.24659999999999999,0.12,0.119,0.16399999999999998,0.13449999999999998
237,Nathan Eovaldi,0.158479,0.031698873,0.24882212700000003,0.38532,0.04902352000000001,0.08565648000000002,0.172,0.1769,0.11800000000000001,0.0867,0.054000000000000006,0.0968
238,Matt Harvey,0.128027,0.051340598999999966,0.26363240099999996,0.33567299999999994,0.051037245,0.06628975499999999,0.14300000000000002,0.191,0.08900000000000001,0.06720000000000001,0.054000000000000006,0.1641
239,Dereck Rodriguez,0.14251599999999998,0.041336856000000005,0.267147144,0.377169,0.042581413,0.089249587,0.198,0.16240000000000002,0.045,0.08489999999999999,0.153,0.10469999999999999
240,Paul Fry,0.165816,0.04809340800000001,0.20909059199999996,0.413478,0.051594354,0.09292764600000002,0.205,0.262,0.114,0.1102,0.091,0.12530000000000002
241,Joakim Soria,0.14930799999999997,0.05618194400000002,0.252510056,0.43274399999999996,0.050368248,0.10088775200000001,0.207,0.20750000000000002,0.121,0.11220000000000001,0.086,0.05339999999999999
242,Tyler Thornburg,0.15032800000000004,0.02436711999999999,0.26230488,0.43200299999999997,0.06538170099999999,0.085615299,0.255,0.19649999999999998,0.106,0.1497,0.149,0.056100000000000004
243,Derek Holland,0.14104999999999998,0.0571051,0.20484490000000002,0.481558,0.07183261799999999,0.09560938200000002,0.306,0.2666,0.11699999999999999,0.17200000000000001,0.18899999999999997,0.11579999999999999
244,Jake Diekman,0.16332799999999997,0.07125926399999999,0.229412736,0.41682299999999994,0.074683686,0.069493314,0.267,0.34529999999999994,0.133,0.1202,0.133,0.21539999999999998
245,Lance Lynn,0.16378200000000004,0.03608841599999999,0.28612958399999994,0.43242600000000003,0.047564532,0.10200946800000002,0.18899999999999997,0.2009,0.063,0.11399999999999999,0.126,0.058600000000000006
246,Yusei Kikuchi,0.17153300000000005,0.03475910099999999,0.30270789899999995,0.426482,0.053401516,0.09411648400000001,0.177,0.1907,0.057,0.11279999999999998,0.121,0.08020000000000001
247,Merrill Kelly,0.17475000000000002,0.040775000000000006,0.250475,0.511128,0.055047936,0.12082406400000002,0.21100000000000002,0.2118,0.094,0.1456,0.11699999999999999,0.053099999999999994
248,David Hess,0.131246,0.03338438399999999,0.31436961599999996,0.3742319999999999,0.027556352000000003,0.10121164799999996,0.168,0.119,0.065,0.0732,0.10300000000000001,0.03370000000000001
249,Aroldis Chapman,0.190092,0.076055196,0.24485280400000003,0.471696,0.084722688,0.077581312,0.326,0.3484,0.065,0.1568,0.261,0.2451
250,Jerad Eickhoff,0.160235,0.076102845,0.20266215499999998,0.407712,0.05359001600000001,0.08669798400000002,0.308,0.30860000000000004,0.077,0.13120000000000004,0.231,0.1385
251,Mark Melancon,0.13390300000000005,0.034956416,0.238140584,0.492445,0.05832003,0.11023497000000002,0.17800000000000002,0.19269999999999998,0.067,0.14720000000000003,0.111,0.0543
252,Cory Gearrin,0.11723599999999998,0.051767856000000015,0.20199614399999996,0.363302,0.05455081800000001,0.06914718199999999,0.289,0.21309999999999998,0.17300000000000001,0.06949999999999999,0.115,0.16960000000000003
253,Javy Guerra,0.17645999999999998,0.03935772,0.29418228,0.43475400000000003,0.030921659999999997,0.11632434000000001,0.27899999999999997,0.19940000000000002,0.09300000000000001,0.1112,0.18600000000000003,0.0397
254,Julio Teheran,0.12229199999999998,0.06564758400000001,0.19906041600000005,0.45342899999999997,0.056053414999999995,0.09751758499999999,0.254,0.2407,0.12,0.12179999999999999,0.134,0.0946
255,Andrew Cashner,0.132924,0.026226992000000022,0.258849008,0.461516,0.04586778000000001,0.10961622,0.147,0.1511,0.096,0.11649999999999998,0.052000000000000005,0.028000000000000004
256,Chad Bettis,0.16046,0.04169022000000001,0.24984978000000002,0.394944,0.04643654400000002,0.086619456,0.133,0.15999999999999998,0.096,0.0957,0.036000000000000004,0.11699999999999999
257,Zach Davies,0.13314399999999998,0.027457584000000024,0.21339841599999998,0.37875000000000003,0.029037499999999997,0.09721250000000001,0.168,0.10710000000000001,0.08900000000000001,0.07869999999999999,0.08,0.058100000000000006
258,Adrian Sampson,0.133635,0.03960126000000003,0.2797637399999999,0.43500000000000005,0.05800000000000001,0.08700000000000001,0.151,0.185,0.086,0.1316,0.065,0.08299999999999999
259,Drew Steckenrider,0.14204300000000006,0.05802558300000002,0.20693141699999998,0.381,0.03314699999999999,0.09385300000000002,0.225,0.22810000000000002,0.05,0.0946,0.175,0.1008
260,Joshua James,0.12006399999999995,0.08932761599999997,0.2596083840000001,0.426384,0.08690068799999999,0.053715311999999994,0.32799999999999996,0.3462,0.14800000000000002,0.1609,0.18,0.22559999999999997
261,Rick Porcello,0.146771,0.049647952999999995,0.2665810469999999,0.41134400000000004,0.04368123200000001,0.09197476799999998,0.171,0.1969,0.128,0.11250000000000002,0.043,0.0708
262,Jake Arrieta,0.175212,0.03667771200000003,0.25911028799999997,0.372476,0.026613756000000013,0.09491024399999999,0.184,0.14370000000000002,0.096,0.07510000000000001,0.08800000000000001,0.0625
263,John Gant,0.14521499999999998,0.06631485,0.24947015000000003,0.41168400000000005,0.05036850000000001,0.08394750000000001,0.24100000000000002,0.20799999999999996,0.121,0.1274,0.121,0.0921
264,Michael Wacha,0.12259,0.052596029999999974,0.23481396999999998,0.4343040000000001,0.03669926400000001,0.10499673600000003,0.25,0.21480000000000005,0.146,0.11870000000000003,0.10400000000000001,0.0612
265,Zack Wheeler,0.15487200000000004,0.06107119200000001,0.262056808,0.42204499999999995,0.04081258999999999,0.09614241000000001,0.26,0.20579999999999998,0.11,0.1297,0.15,0.044399999999999995
266,Tanner Roark,0.12154000000000002,0.02556047999999999,0.26489952,0.41504399999999997,0.036034164,0.097921836,0.214,0.1248,0.098,0.11750000000000001,0.11599999999999999,0.027500000000000007
267,Heath Fillmyer,0.133947,0.028217717000000024,0.28883528299999994,0.39841200000000004,0.03716193200000001,0.091426068,0.09699999999999999,0.14020000000000002,0.069,0.09968888888888888,0.027999999999999997,0.054400000000000004
268,Yoan Lopez,0.13892000000000002,0.06550032000000001,0.25557968,0.44511599999999996,0.06344049599999999,0.079443504,0.2,0.23140000000000005,0.125,0.1332,0.075,0.0891
269,Drew Smyly,0.164808,0.04474668000000001,0.22644531999999998,0.417864,0.05472748799999999,0.07940851200000001,0.253,0.24220000000000003,0.133,0.1119,0.12,0.11359999999999999
270,Trevor Cahill,0.14862900000000004,0.040549262,0.29182173800000005,0.370662,0.063665844,0.054672156,0.188,0.21900000000000003,0.075,0.07980000000000001,0.113,0.159
271,Reynaldo Lopez,0.13983199999999996,0.038642664,0.275525336,0.43812399999999996,0.060286556,0.07958944399999998,0.207,0.20390000000000003,0.11599999999999999,0.1264,0.091,0.08580000000000002
272,Sonny Gray,0.17928000000000002,0.03582944,0.19989055999999997,0.43111199999999994,0.067212008,0.069675992,0.313,0.23500000000000001,0.061,0.13420000000000004,0.253,0.12340000000000002
273,Ervin Santana,0.12384800000000001,0.020017271999999982,0.308134728,0.36432,0.03158064000000001,0.08409936,0.078,0.09519999999999999,0.094,0.0963,-0.016,0.0246
274,Jon Lester,0.12195199999999998,0.06091008,0.22913792000000002,0.38785800000000004,0.026287814000000014,0.09485418600000001,0.244,0.21500000000000002,0.077,0.09599999999999999,0.16699999999999998,0.091
275,Sean Newcomb,0.16926,0.022287719999999987,0.26345228,0.41605200000000003,0.017932824000000003,0.11201517600000001,0.086,0.1277,0.138,0.11180000000000001,-0.052000000000000005,0.0433
276,Ian Kennedy,0.09243199999999999,0.034151504,0.29741649600000003,0.482979,0.0750105,0.0750105,0.321,0.1962,0.038,0.2131,0.28300000000000003,0.039400000000000004
277,Jacob Barnes,0.12744400000000003,0.02945559999999999,0.2651004,0.37387,0.04563909,0.07049090999999999,0.265,0.14750000000000002,0.102,0.06459999999999999,0.163,0.0941
278,Jhoulys Chacin,0.137886,0.04146589800000001,0.22264810200000001,0.44406600000000007,0.036414576000000004,0.101519424,0.205,0.18150000000000002,0.12300000000000001,0.11539999999999999,0.08199999999999999,0.05550000000000001
279,Drew Pomeranz,0.14431999999999998,0.04967423999999998,0.24600576000000002,0.41823600000000005,0.04407857999999999,0.08368542,0.267,0.1925,0.095,0.1206,0.171,0.05790000000000001
280,Brad Brach,0.10626700000000001,0.046164128999999984,0.17056887099999998,0.479087,0.05497476600000001,0.088938234,0.25,0.21400000000000002,0.22899999999999998,0.2077,0.021,0.042
281,Jake Odorizzi,0.15537600000000001,0.08753472,0.22508927999999995,0.41349,0.03779406,0.08571594000000002,0.245,0.2518,0.106,0.12439999999999998,0.138,0.1283
282,Mike Wright Jr.,0.12120800000000001,0.04564484,0.26914715999999994,0.44389999999999996,0.0500802,0.08101979999999999,0.212,0.1789,0.106,0.1255,0.106,0.037700000000000004
283,Dakota Hudson,0.18230800000000003,0.04346641600000001,0.250225584,0.423828,0.07109769599999997,0.054074304,0.19399999999999998,0.26890000000000003,0.129,0.13590000000000002,0.065,0.16
284,Antonio Senzatela,0.14882399999999996,0.0319176,0.2872584,0.42205800000000004,0.04003326599999999,0.083908734,0.145,0.14920000000000003,0.066,0.1179,0.079,0.025200000000000007
285,Matt Andriese,0.14210199999999995,0.033996882000000034,0.277901118,0.382568,0.04903180799999999,0.061400192,0.254,0.16260000000000002,0.113,0.07680000000000001,0.141,0.08769999999999999
286,Junior Guerra,0.10677399999999995,0.04164777,0.24557822999999998,0.41520699999999994,0.028388112999999996,0.08940488699999999,0.115,0.1353,0.135,0.11389999999999997,-0.019,0.0556
287,Brad Boxberger,0.11008800000000002,0.07335196800000003,0.23356003199999997,0.392616,0.023836176000000008,0.08754782399999998,0.255,0.22590000000000005,0.157,0.10769999999999999,0.098,0.1504
288,Adam Wainwright,0.17480000000000004,0.020713800000000022,0.2414862,0.48126,0.04520141999999999,0.09053858000000001,0.20600000000000002,0.1714,0.094,0.1766,0.11199999999999999,0.005000000000000002
289,Freddy Peralta,0.163897,0.05664406799999998,0.3064589320000001,0.43601999999999996,0.04218213999999999,0.08079786,0.265,0.19610000000000002,0.084,0.1203,0.18100000000000002,0.0463
290,Walker Buehler,0.11703999999999996,0.05490320000000002,0.2680568,0.448086,0.04159636199999999,0.083317638,0.184,0.19140000000000001,0.08199999999999999,0.11949999999999998,0.102,0.04129999999999999
291,Kyle Wright,0.11745300000000004,0.016768289999999988,0.22277871000000002,0.378672,0.037975392000000004,0.06635260800000001,0.16899999999999998,0.09839999999999999,0.154,0.08520000000000001,0.015,0.027399999999999997
292,Jesse Biddle,0.178494,0.029101225999999994,0.21140477399999996,0.4378020000000001,0.03575940000000001,0.0834386,0.19,0.1721,0.155,0.1407,0.035,0.0751
293,Carlos Estevez,0.121275,0.09716849999999999,0.2765565,0.451524,0.077258736,0.04421726399999999,0.34,0.3149,0.06,0.19230000000000005,0.28,0.15799999999999997
294,Jesse Chavez,0.11900200000000001,0.02455182399999999,0.25444617599999997,0.4331609999999999,0.03359331,0.08224569,0.188,0.09499999999999999,0.078,0.1356,0.109,-0.0017999999999999989
295,Shelby Miller,0.16046499999999997,0.03631299000000003,0.28222200999999997,0.41080000000000005,0.019437599999999992,0.0897624,0.096,0.13400000000000004,0.17300000000000001,0.12159999999999997,-0.077,0.03810000000000001
296,Kyle Dowdy,0.12355199999999997,0.054064296000000026,0.25138370400000004,0.48032,0.045326399999999996,0.0823536,0.172,0.12240000000000002,0.172,0.19,0.0,0.0249
297,Adam Ottavino,0.23221199999999997,0.041510448,0.17027755200000003,0.502285,0.05693473499999999,0.07578026500000001,0.312,0.2529,0.18,0.17039999999999997,0.131,0.0621
298,Juan Nicasio,0.132568,0.051107688,0.27032431199999996,0.45178599999999997,0.047940526000000004,0.069273474,0.161,0.1907,0.107,0.15819999999999998,0.054000000000000006,0.06420000000000001
299,Marco Estrada,0.117602,0.04662873,0.29876927,0.425068,0.029192436000000006,0.07773956400000001,0.10400000000000001,0.1611,0.076,0.13540000000000002,0.027999999999999997,0.013900000000000001
300,Manny Banuelos,0.12693899999999997,0.040973394,0.225087606,0.40923600000000004,0.051577988000000005,0.048186012,0.22399999999999998,0.19980000000000003,0.138,0.10639999999999998,0.086,0.09559999999999999
301,Nate Jones,0.10210200000000001,0.03398725,0.23791074999999998,0.481182,0.055592639999999985,0.06022535999999999,0.213,0.158,0.149,0.199,0.064,0.0254
302,Ryan Burr,0.14799999999999996,0.039072,0.31292800000000004,0.519378,0.044634408,0.07798759200000001,0.185,0.18350000000000002,0.07400000000000001,0.1744,0.111,0.023000000000000003
303,Bryan Shaw,0.11436099999999999,0.03207478800000003,0.31656421199999996,0.47933600000000004,0.03901154400000001,0.053652456,0.08800000000000001,0.1139,0.12300000000000001,0.182,-0.035,0.0161
